slug	manufacturer	source	url	reviewed
dynaset-hg	dynaset	하이드로훼스트_다이나셋_최종.pdf#p4		
dynaset-hk	dynaset	하이드로훼스트_다이나셋_최종.pdf#p8		
dynaset-hmag-pro	dynaset	하이드로훼스트_다이나셋_최종.pdf#p9		
dynaset-hpw-dust	dynaset	하이드로훼스트_다이나셋_최종.pdf#p6		
dynaset-hrvb	dynaset	하이드로훼스트_다이나셋_최종.pdf#p11		
dynaset-hsp	dynaset	하이드로훼스트_다이나셋_최종.pdf#p7		
dynaset-hvb	dynaset	하이드로훼스트_다이나셋_최종.pdf#p10		
dynaset-kpl	dynaset	하이드로훼스트_다이나셋_최종.pdf#p5		
euroswitch-23	euroswitch	Euroswitch_catalogo_2026.pdf#p26		
euroswitch-24	euroswitch	Euroswitch_catalogo_2026.pdf#p27		
euroswitch-24c	euroswitch	Euroswitch_catalogo_2026.pdf#p28		
euroswitch-24f	euroswitch	Euroswitch_catalogo_2026.pdf#p29		
euroswitch-25d	euroswitch	Euroswitch_catalogo_2026.pdf#p31		
euroswitch-25r	euroswitch	Euroswitch_catalogo_2026.pdf#p30		
euroswitch-26-266	euroswitch	Euroswitch_catalogo_2026.pdf#p32		
euroswitch-27n-28n	euroswitch	Euroswitch_catalogo_2026.pdf#p33		
euroswitch-30	euroswitch	Euroswitch_catalogo_2026.pdf#p34		
euroswitch-31	euroswitch	Euroswitch_catalogo_2026.pdf#p35		
euroswitch-35	euroswitch	Euroswitch_catalogo_2026.pdf#p48		
euroswitch-357	euroswitch	Euroswitch_catalogo_2026.pdf#p50		
euroswitch-37	euroswitch	Euroswitch_catalogo_2026.pdf#p49		
euroswitch-377	euroswitch	Euroswitch_catalogo_2026.pdf#p51		
euroswitch-38	euroswitch	Euroswitch_catalogo_2026.pdf#p52		
euroswitch-387	euroswitch	Euroswitch_catalogo_2026.pdf#p53		
euroswitch-40	euroswitch	Euroswitch_catalogo_2026.pdf#p36		
euroswitch-41	euroswitch	Euroswitch_catalogo_2026.pdf#p37		
euroswitch-41b-41c	euroswitch	Euroswitch_catalogo_2026.pdf#p38		
euroswitch-42	euroswitch	Euroswitch_catalogo_2026.pdf#p39		
euroswitch-46	euroswitch	Euroswitch_catalogo_2026.pdf#p40		
euroswitch-48	euroswitch	Euroswitch_catalogo_2026.pdf#p41		
euroswitch-49	euroswitch	Euroswitch_catalogo_2026.pdf#p42		
euroswitch-506-508	euroswitch	Euroswitch_catalogo_2026.pdf#p165		
euroswitch-507	euroswitch	Euroswitch_catalogo_2026.pdf#p168		
euroswitch-520	euroswitch	Euroswitch_catalogo_2026.pdf#p169		
euroswitch-525	euroswitch	Euroswitch_catalogo_2026.pdf#p166		
euroswitch-570	euroswitch	none		
euroswitch-572	euroswitch	Euroswitch_catalogo_2026.pdf#p173		
euroswitch-577	euroswitch	Euroswitch_catalogo_2026.pdf#p180		
euroswitch-580	euroswitch	Euroswitch_catalogo_2026.pdf#p175		
euroswitch-580e	euroswitch	Euroswitch_catalogo_2026.pdf#p174		
euroswitch-582	euroswitch	Euroswitch_catalogo_2026.pdf#p179		
euroswitch-583	euroswitch	Euroswitch_catalogo_2026.pdf#p182		
euroswitch-589	euroswitch	Euroswitch_catalogo_2026.pdf#p181		
euroswitch-590	euroswitch	Euroswitch_catalogo_2026.pdf#p177		
euroswitch-595-596	euroswitch	Euroswitch_catalogo_2026.pdf#p176		
euroswitch-597	euroswitch	Euroswitch_catalogo_2026.pdf#p178		
euroswitch-598	euroswitch	Euroswitch_catalogo_2026.pdf#p186		
euroswitch-67	euroswitch	Euroswitch_catalogo_2026.pdf#p43		
euroswitch-681	euroswitch	Euroswitch_catalogo_2026.pdf#p44		
euroswitch-682	euroswitch	Euroswitch_catalogo_2026.pdf#p45		
euroswitch-691	euroswitch	Euroswitch_catalogo_2026.pdf#p46		
euroswitch-692	euroswitch	Euroswitch_catalogo_2026.pdf#p47		
euroswitch-700	euroswitch	Euroswitch_catalogo_2026.pdf#p60		
euroswitch-80	euroswitch	Euroswitch_catalogo_2026.pdf#p55		
euroswitch-81	euroswitch	Euroswitch_catalogo_2026.pdf#p56		
euroswitch-82	euroswitch	Euroswitch_catalogo_2026.pdf#p57		
euroswitch-83	euroswitch	Euroswitch_catalogo_2026.pdf#p58		
euroswitch-83t	euroswitch	Euroswitch_catalogo_2026.pdf#p59		
euroswitch-86	euroswitch	Euroswitch_catalogo_2026.pdf#p61		
euroswitch-87	euroswitch	Euroswitch_catalogo_2026.pdf#p62		
euroswitch-980	euroswitch	Euroswitch_catalogo_2026.pdf#p63		
euroswitch-983	euroswitch	Euroswitch_catalogo_2026.pdf#p64		
euroswitch-985	euroswitch	Euroswitch_catalogo_2026.pdf#p65		
euroswitch-987	euroswitch	Euroswitch_catalogo_2026.pdf#p66		
euroswitch-ap1300	euroswitch	Euroswitch_catalogo_2026.pdf#p135		
euroswitch-apo940	euroswitch	Euroswitch_catalogo_2026.pdf#p134		
euroswitch-ecl-1-7	euroswitch	Euroswitch_catalogo_2026.pdf#p150		
euroswitch-eclt-0-6	euroswitch	Euroswitch_catalogo_2026.pdf#p151		
euroswitch-esl	euroswitch	Euroswitch_catalogo_2026.pdf#p152		
euroswitch-eslt-io	euroswitch	Euroswitch_catalogo_2026.pdf#p153		
euroswitch-esp1	euroswitch	Euroswitch_catalogo_2026.pdf#p69		
euroswitch-esp10	euroswitch	Euroswitch_catalogo_2026.pdf#p68		
euroswitch-espd	euroswitch	Euroswitch_catalogo_2026.pdf#p70		
euroswitch-est	euroswitch	Euroswitch_catalogo_2026.pdf#p188		
euroswitch-est-io	euroswitch	Euroswitch_catalogo_2026.pdf#p190		
euroswitch-est-pz	euroswitch	Euroswitch_catalogo_2026.pdf#p192		
euroswitch-est2	euroswitch	Euroswitch_catalogo_2026.pdf#p189		
euroswitch-ests	euroswitch	Euroswitch_catalogo_2026.pdf#p187		
euroswitch-i930-i935	euroswitch	none		
euroswitch-imd	euroswitch	Euroswitch_catalogo_2026.pdf#p133		
euroswitch-imk	euroswitch	none		
euroswitch-imk2	euroswitch	none		
euroswitch-imm	euroswitch	Euroswitch_catalogo_2026.pdf#p125		
euroswitch-imp	euroswitch	Euroswitch_catalogo_2026.pdf#p128		
euroswitch-impg	euroswitch	Euroswitch_catalogo_2026.pdf#p130		
euroswitch-imr-imrh	euroswitch	Euroswitch_catalogo_2026.pdf#p136		
euroswitch-imra-imrb-imrt	euroswitch	Euroswitch_catalogo_2026.pdf#p138		
euroswitch-imre-imrf-imrg	euroswitch	Euroswitch_catalogo_2026.pdf#p148		
euroswitch-imret	euroswitch	Euroswitch_catalogo_2026.pdf#p149		
euroswitch-imri-imrc	euroswitch	Euroswitch_catalogo_2026.pdf#p139		
euroswitch-imrma	euroswitch	Euroswitch_catalogo_2026.pdf#p146		
euroswitch-imrn	euroswitch	Euroswitch_catalogo_2026.pdf#p137		
euroswitch-imrpb1	euroswitch	Euroswitch_catalogo_2026.pdf#p140		
euroswitch-imrpb2	euroswitch	Euroswitch_catalogo_2026.pdf#p141		
euroswitch-imrpb5	euroswitch	Euroswitch_catalogo_2026.pdf#p142		
euroswitch-imrpb8	euroswitch	Euroswitch_catalogo_2026.pdf#p143		
euroswitch-imrpc2	euroswitch	Euroswitch_catalogo_2026.pdf#p147		
euroswitch-imrs-1-2	euroswitch	Euroswitch_catalogo_2026.pdf#p144		
euroswitch-imrs-5-6	euroswitch	Euroswitch_catalogo_2026.pdf#p145		
euroswitch-ims	euroswitch	Euroswitch_catalogo_2026.pdf#p132		
euroswitch-imx	euroswitch	Euroswitch_catalogo_2026.pdf#p129		
euroswitch-p003ac	euroswitch	Euroswitch_catalogo_2026.pdf#p87		
euroswitch-p003f7	euroswitch	Euroswitch_catalogo_2026.pdf#p88		
euroswitch-p004	euroswitch	Euroswitch_catalogo_2026.pdf#p89		
euroswitch-p005	euroswitch	none		
euroswitch-p006	euroswitch	none		
euroswitch-p0062	euroswitch	Euroswitch_catalogo_2026.pdf#p92		
euroswitch-p200	euroswitch	Euroswitch_catalogo_2026.pdf#p86		
euroswitch-p28	euroswitch	Euroswitch_catalogo_2026.pdf#p111		
euroswitch-p34	euroswitch	Euroswitch_catalogo_2026.pdf#p115		
euroswitch-p35	euroswitch	Euroswitch_catalogo_2026.pdf#p116		
euroswitch-p38	euroswitch	Euroswitch_catalogo_2026.pdf#p131		
euroswitch-p39	euroswitch	Euroswitch_catalogo_2026.pdf#p117		
euroswitch-p39d	euroswitch	Euroswitch_catalogo_2026.pdf#p118		
euroswitch-p3x	euroswitch	Euroswitch_catalogo_2026.pdf#p113		
euroswitch-p3x0	euroswitch	Euroswitch_catalogo_2026.pdf#p114		
euroswitch-p4x	euroswitch	Euroswitch_catalogo_2026.pdf#p119		
euroswitch-p500	euroswitch	Euroswitch_catalogo_2026.pdf#p93		
euroswitch-p520	euroswitch	Euroswitch_catalogo_2026.pdf#p94		
euroswitch-p530	euroswitch	Euroswitch_catalogo_2026.pdf#p95		
euroswitch-p531-p540	euroswitch	Euroswitch_catalogo_2026.pdf#p98		
euroswitch-p535	euroswitch	Euroswitch_catalogo_2026.pdf#p97		
euroswitch-p580	euroswitch	Euroswitch_catalogo_2026.pdf#p96		
euroswitch-p595	euroswitch	Euroswitch_catalogo_2026.pdf#p99		
euroswitch-p650	euroswitch	Euroswitch_catalogo_2026.pdf#p100		
euroswitch-p68	euroswitch	Euroswitch_catalogo_2026.pdf#p106		
euroswitch-p900-p930	euroswitch	Euroswitch_catalogo_2026.pdf#p108		
euroswitch-p915-p920	euroswitch	Euroswitch_catalogo_2026.pdf#p109		
euroswitch-pg29	euroswitch	Euroswitch_catalogo_2026.pdf#p112		
euroswitch-pg3x	euroswitch	Euroswitch_catalogo_2026.pdf#p120		
euroswitch-pk	euroswitch	Euroswitch_catalogo_2026.pdf#p121		
euroswitch-pkt	euroswitch	Euroswitch_catalogo_2026.pdf#p122		
euroswitch-pn	euroswitch	Euroswitch_catalogo_2026.pdf#p123		
euroswitch-pt	euroswitch	Euroswitch_catalogo_2026.pdf#p124		
euroswitch-pwm	euroswitch	Euroswitch_catalogo_2026.pdf#p191		
euroswitch-sog-srg	euroswitch	Euroswitch_catalogo_2026.pdf#p103		
euroswitch-som-srm	euroswitch	Euroswitch_catalogo_2026.pdf#p102		
euroswitch-spe	euroswitch	Euroswitch_catalogo_2026.pdf#p105		
euroswitch-spf-spfa	euroswitch	Euroswitch_catalogo_2026.pdf#p107		
euroswitch-spg	euroswitch	Euroswitch_catalogo_2026.pdf#p101		
euroswitch-sre	euroswitch	Euroswitch_catalogo_2026.pdf#p104		
gemels-bd	gemels	GEMELS.pdf#p539		reviewed
gemels-bgf	gemels	GEMELS.pdf#p211		reviewed
gemels-customized	gemels	GEMELS.pdf#p280		
gemels-da-rack-pinion	gemels	GEMELS.pdf#p660		reviewed
gemels-dbb	gemels	GEMELS.pdf#p627		reviewed
gemels-ddf	gemels	GEMELS.pdf#p567		
gemels-ddf3-a	gemels	GEMELS.pdf#p562		reviewed
gemels-ddf6-a	gemels	GEMELS.pdf#p565		
gemels-dg	gemels	GEMELS.pdf#p243		
gemels-electric-motors	gemels	GEMELS.pdf#p635		reviewed
gemels-ffap	gemels	GEMELS.pdf#p121		
gemels-ffap-plate-connection	gemels	GEMELS.pdf#p125		
gemels-flat-face	gemels	GEMELS.pdf#p91		reviewed
gemels-g3k	gemels	GEMELS.pdf#p445		reviewed
gemels-g4k	gemels	GEMELS.pdf#p449		reviewed
gemels-gb1	gemels	GEMELS.pdf#p403		
gemels-gb3	gemels	GEMELS.pdf#p409		reviewed
gemels-gbf	gemels	GEMELS.pdf#p413		
gemels-gbf-s	gemels	GEMELS.pdf#p421		
gemels-gbs	gemels	GEMELS.pdf#p417		
gemels-ge1	gemels	GEMELS.pdf#p327		reviewed
gemels-ge2	gemels	GEMELS.pdf#p331		reviewed
gemels-ge2-hc	gemels	GEMELS.pdf#p339		reviewed
gemels-ge2-qc	gemels	GEMELS.pdf#p250		
gemels-ge3	gemels	GEMELS.pdf#p355		reviewed
gemels-ge3-hc	gemels	GEMELS.pdf#p347		reviewed
gemels-ge3k	gemels	GEMELS.pdf#p375		reviewed
gemels-ge5	gemels	GEMELS.pdf#p371		reviewed
gemels-gef	gemels	GEMELS.pdf#p383		
gemels-gef-s	gemels	GEMELS.pdf#p391		
gemels-gem	gemels	GEMELS.pdf#p323		
gemels-ges	gemels	GEMELS.pdf#p387		
gemels-gev	gemels	GEMELS.pdf#p551		reviewed
gemels-gh2	gemels	GEMELS.pdf#p317		reviewed
gemels-ghp	gemels	GEMELS.pdf#p471		reviewed
gemels-gm	gemels	GEMELS.pdf#p591		reviewed
gemels-gn	gemels	GEMELS.pdf#p579		reviewed
gemels-gn-hc	gemels	GEMELS.pdf#p571		reviewed
gemels-gns	gemels	GEMELS.pdf#p86		reviewed
gemels-gpk2	gemels	GEMELS.pdf#p453		reviewed
gemels-gpk3	gemels	GEMELS.pdf#p457		reviewed
gemels-gps	gemels	GEMELS.pdf#p555		
gemels-grc	gemels	GEMELS.pdf#p461		reviewed
gemels-grs	gemels	GEMELS.pdf#p465		
gemels-gsj	gemels	GEMELS.pdf#p477		
gemels-gus	gemels	GEMELS.pdf#p247		reviewed
gemels-gv2	gemels	GEMELS.pdf#p433		reviewed
gemels-gv3	gemels	GEMELS.pdf#p437		reviewed
gemels-gv3k	gemels	GEMELS.pdf#p441		reviewed
gemels-gvs	gemels	GEMELS.pdf#p425		reviewed
gemels-gvs-flanged	gemels	GEMELS.pdf#p429		reviewed
gemels-handles	gemels	GEMELS.pdf#p646		
gemels-hsj	gemels	GEMELS.pdf#p494		
gemels-iso-a	gemels	GEMELS.pdf#p147		
gemels-iso-b	gemels	GEMELS.pdf#p191		
gemels-j4c	gemels	GEMELS.pdf#p680		
gemels-jda	gemels	GEMELS.pdf#p652		reviewed
gemels-jsr	gemels	GEMELS.pdf#p656		reviewed
gemels-limit-switch	gemels	GEMELS.pdf#p690		
gemels-locking-devices	gemels	GEMELS.pdf#p640		
gemels-lqc	gemels	GEMELS.pdf#p78		
gemels-mgw	gemels	GEMELS.pdf#p135		reviewed
gemels-mgw-ap	gemels	GEMELS.pdf#p143		
gemels-multi-couplings	gemels	GEMELS.pdf#p46		reviewed
gemels-n	gemels	GEMELS.pdf#p203		reviewed
gemels-nordic	gemels	GEMELS.pdf#p197		
gemels-nv	gemels	GEMELS.pdf#p207		reviewed
gemels-nvqd	gemels	GEMELS.pdf#p82		reviewed
gemels-push-pull	gemels	GEMELS.pdf#p161		
gemels-push-pull-agri	gemels	GEMELS.pdf#p153		reviewed
gemels-push-pull-agri-dv	gemels	GEMELS.pdf#p157		reviewed
gemels-push-pull-dv	gemels	GEMELS.pdf#p183		reviewed
gemels-push-pull-n	gemels	GEMELS.pdf#p169		reviewed
gemels-push-pull-nv	gemels	GEMELS.pdf#p175		reviewed
gemels-quick-interlock-valve	gemels	GEMELS.pdf#p68		
gemels-rf	gemels	GEMELS.pdf#p535		reviewed
gemels-rfm-bdm	gemels	GEMELS.pdf#p532		reviewed
gemels-safety-valve-pg	gemels	GEMELS.pdf#p498		
gemels-sbf	gemels	GEMELS.pdf#p603		reviewed
gemels-sbf-w	gemels	GEMELS.pdf#p599		
gemels-sbt	gemels	GEMELS.pdf#p613		reviewed
gemels-sj	gemels	GEMELS.pdf#p486		reviewed
gemels-sj-hd	gemels	GEMELS.pdf#p490		reviewed
gemels-sr-rack-pinion	gemels	GEMELS.pdf#p662		reviewed
gemels-tandem	gemels	GEMELS.pdf#p395		reviewed
gemels-uqd	gemels	GEMELS.pdf#p70		reviewed
gemels-uqd-b	gemels	GEMELS.pdf#p74		
gemels-vap	gemels	GEMELS.pdf#p557		reviewed
gemels-vb-vuba	gemels	GEMELS.pdf#p558		reviewed
gemels-vbp	gemels	GEMELS.pdf#p526		reviewed
gemels-vga	gemels	GEMELS.pdf#p215		
gemels-vgb	gemels	GEMELS.pdf#p229		
gemels-vgf	gemels	GEMELS.pdf#p115		
gemels-vgn	gemels	GEMELS.pdf#p179		reviewed
gemels-vgr	gemels	GEMELS.pdf#p233		
gemels-vgs	gemels	GEMELS.pdf#p237		
gemels-vode	gemels	GEMELS.pdf#p514		reviewed
gemels-vose	gemels	GEMELS.pdf#p510		reviewed
gemels-vrc	gemels	GEMELS.pdf#p518		reviewed
gemels-vrm	gemels	GEMELS.pdf#p522		reviewed
gemels-vu	gemels	GEMELS.pdf#p543		reviewed
gemels-vuf-vus	gemels	GEMELS.pdf#p547		reviewed
moveco-h-902	moveco	Moveco-Rotary-Actuator-Range-Technical-catalogue.pdf#p7		
moveco-rb-24	moveco	Moveco-Rotary-Actuator-Range-Technical-catalogue.pdf#p8		
moveco-rb-30	moveco	Moveco-Rotary-Actuator-Range-Technical-catalogue.pdf#p8		
moveco-rb-36	moveco	Moveco-Rotary-Actuator-Range-Technical-catalogue.pdf#p8		
moveco-rb-47	moveco	Moveco-Rotary-Actuator-Range-Technical-catalogue.pdf#p8		reviewed
moveco-rb-51	moveco	Moveco-Rotary-Actuator-Range-Technical-catalogue.pdf#p8		
moveco-rb-54	moveco	Moveco-Rotary-Actuator-Range-Technical-catalogue.pdf#p8		reviewed
moveco-rc-10	moveco	Moveco-Rotary-Actuator-Range-Technical-catalogue.pdf#p5		
moveco-rc-14	moveco	Moveco-Rotary-Actuator-Range-Technical-catalogue.pdf#p5		
moveco-rc-23	moveco	Moveco-Rotary-Actuator-Range-Technical-catalogue.pdf#p5		
moveco-rc-27	moveco	Moveco-Rotary-Actuator-Range-Technical-catalogue.pdf#p5		
moveco-rc-32	moveco	Moveco-Rotary-Actuator-Range-Technical-catalogue.pdf#p5		
moveco-rc-40	moveco	Moveco-Rotary-Actuator-Range-Technical-catalogue.pdf#p5		
moveco-rl-14	moveco	Moveco-Rotary-Actuator-Range-Technical-catalogue.pdf#p7		reviewed
moveco-rl-16	moveco	Moveco-Rotary-Actuator-Range-Technical-catalogue.pdf#p7		
moveco-rl-26	moveco	Moveco-Rotary-Actuator-Range-Technical-catalogue.pdf#p7		reviewed
moveco-rl-32	moveco	Moveco-Rotary-Actuator-Range-Technical-catalogue.pdf#p7		reviewed
moveco-rl-36	moveco	Moveco-Rotary-Actuator-Range-Technical-catalogue.pdf#p7		reviewed
moveco-rl-44	moveco	Moveco-Rotary-Actuator-Range-Technical-catalogue.pdf#p7		reviewed
moveco-rl-52	moveco	Moveco-Rotary-Actuator-Range-Technical-catalogue.pdf#p7		
moveco-rl-60	moveco	Moveco-Rotary-Actuator-Range-Technical-catalogue.pdf#p7		reviewed
moveco-rl-67	moveco	Moveco-Rotary-Actuator-Range-Technical-catalogue.pdf#p7		reviewed
moveco-rl-78	moveco	Moveco-Rotary-Actuator-Range-Technical-catalogue.pdf#p7		reviewed
moveco-rl-86	moveco	Moveco-Rotary-Actuator-Range-Technical-catalogue.pdf#p7		
moveco-rm-10	moveco	Moveco-Rotary-Actuator-Range-Technical-catalogue.pdf#p6		
moveco-rm-14	moveco	Moveco-Rotary-Actuator-Range-Technical-catalogue.pdf#p6		
moveco-rm-20	moveco	Moveco-Rotary-Actuator-Range-Technical-catalogue.pdf#p6		
moveco-rm-29	moveco	Moveco-Rotary-Actuator-Range-Technical-catalogue.pdf#p6		reviewed
moveco-rm-37	moveco	Moveco-Rotary-Actuator-Range-Technical-catalogue.pdf#p6		
moveco-rm-48	moveco	Moveco-Rotary-Actuator-Range-Technical-catalogue.pdf#p6		reviewed
moveco-rm-53	moveco	Moveco-Rotary-Actuator-Range-Technical-catalogue.pdf#p6		reviewed
moveco-rm-57	moveco	Moveco-Rotary-Actuator-Range-Technical-catalogue.pdf#p6		
moveco-rm-67	moveco	Moveco-Rotary-Actuator-Range-Technical-catalogue.pdf#p6		
moveco-rp-24	moveco	Moveco-Rotary-Actuator-Range-Technical-catalogue.pdf#p3		
moveco-rp-33	moveco	Moveco-Rotary-Actuator-Range-Technical-catalogue.pdf#p3		
moveco-rp-40	moveco	Moveco-Rotary-Actuator-Range-Technical-catalogue.pdf#p3		
moveco-rp-46	moveco	Moveco-Rotary-Actuator-Range-Technical-catalogue.pdf#p3		
moveco-rp17	moveco	Moveco-Rotary-Actuator-Range-Technical-catalogue.pdf#p3		
moveco-rr-34	moveco	Moveco-Rotary-Actuator-Range-Technical-catalogue.pdf#p4		
moveco-rr-40	moveco	Moveco-Rotary-Actuator-Range-Technical-catalogue.pdf#p4		
moveco-rr-46	moveco	Moveco-Rotary-Actuator-Range-Technical-catalogue.pdf#p4		reviewed
moveco-rr-52	moveco	Moveco-Rotary-Actuator-Range-Technical-catalogue.pdf#p4		
moveco-rr-58	moveco	Moveco-Rotary-Actuator-Range-Technical-catalogue.pdf#p4		
moveco-rr-61	moveco	Moveco-Rotary-Actuator-Range-Technical-catalogue.pdf#p4		reviewed
moveco-rr-66	moveco	Moveco-Rotary-Actuator-Range-Technical-catalogue.pdf#p4		
moveco-rr-72	moveco	Moveco-Rotary-Actuator-Range-Technical-catalogue.pdf#p4		
moveco-rr-78	moveco	Moveco-Rotary-Actuator-Range-Technical-catalogue.pdf#p4		reviewed
oleoweb-b03d	oleoweb	OLELOWEB2.pdf#p99		
oleoweb-b03d-f	oleoweb	OLELOWEB1.pdf#p12		
oleoweb-b03d-l	oleoweb	OLELOWEB1.pdf#p12		
oleoweb-b03s	oleoweb	OLELOWEB2.pdf#p92		
oleoweb-b03s-f	oleoweb	OLELOWEB1.pdf#p12		
oleoweb-b03s-l	oleoweb	OLELOWEB1.pdf#p12		
oleoweb-bm	oleoweb	site	https://www.oleoweb.com/prodotto/base-cetop-3-multiple-in-alluminio-bm/	
oleoweb-bm-rv	oleoweb	site	https://www.oleoweb.com/prodotto/basi-cetop-3-multiple-con-valvola-di-massima-bm-rv/	
oleoweb-bp3	oleoweb	site	https://www.oleoweb.com/prodotto/base-cetop-3-singola-in-alluminio-bp3/	
oleoweb-bs3	oleoweb	site	https://www.oleoweb.com/prodotto/base-cetop-3-singola-con-flangiatura-bs3/	
oleoweb-bs3-bp3-bs5-bm-bmrv	oleoweb	site	https://www.oleoweb.com/prodotto/base-cetop-3-singola-con-flangiatura-bs3/	
oleoweb-bs5	oleoweb	site	https://www.oleoweb.com/prodotto/base-cetop-3-singola-bs5-con-flangiatura-cetop5/	
oleoweb-cm6	oleoweb	site	https://www.oleoweb.com/prodotto/cm6-valvola-direzionale-2-2-sae8-diretta-a-doppia-tenuta-comando-manuale/	
oleoweb-coils	oleoweb	OLELOWEB1.pdf#p19		
oleoweb-connectors	oleoweb	OLELOWEB1.pdf#p19		
oleoweb-cp10	oleoweb	site	https://www.oleoweb.com/prodotto/valvola-regolatrice-di-portata-cp10/	
oleoweb-cur	oleoweb	site	https://www.oleoweb.com/prodotto/valvola-unidirezionale-cur10n/	
oleoweb-cur10n	oleoweb	site	https://www.oleoweb.com/prodotto/valvola-unidirezionale-cur10n/	
oleoweb-cur2015	oleoweb	site	https://www.oleoweb.com/prodotto/valvola-unidirezionale-a-cartuccia-m20x15-cur2015/	
oleoweb-cur2215	oleoweb	site	https://www.oleoweb.com/prodotto/valvola-unidirezionale-a-cartuccia-m22x15-cur2215/	
oleoweb-cur2615	oleoweb	site	https://www.oleoweb.com/prodotto/valvola-unidirezionale-a-cartuccia-m26x15-cur2615/	
oleoweb-cur6	oleoweb	site	https://www.oleoweb.com/prodotto/valvola-unidirezionale-a-cartuccia-sae8-2-cur6/	
oleoweb-cur6m	oleoweb	site	https://www.oleoweb.com/prodotto/cur6m-valvola-unidirezionale-a-cartuccia-sae8-2-con-attacco-manometro/	
oleoweb-dcf	oleoweb	site	https://www.oleoweb.com/prodotto/valvola-antiurto-doppia-incrociata-dcf/	
oleoweb-dcm	oleoweb	site	https://www.oleoweb.com/prodotto/vola-antiurto-doppia-incrociata-dcm/	
oleoweb-dcv	oleoweb	site	https://www.oleoweb.com/prodotto/valvole-antiurto-doppie-incrociate-flangiate-dcv/	
oleoweb-dcvb	oleoweb	site	https://www.oleoweb.com/prodotto/valvola-di-bilanciamento-doppia-per-centro-aperto-con-sblocco-freno-dcvb/	
oleoweb-ddf3	oleoweb	site	https://www.oleoweb.com/prodotto/deviatore-di-flusso-a-3-vie-ddf3-bspp/	
oleoweb-ddf3sae	oleoweb	site	https://www.oleoweb.com/prodotto/deviatore-di-flusso-a-3-vie-ddf3-sae/	
oleoweb-ddf6	oleoweb	site	https://www.oleoweb.com/prodotto/deviatore-di-flusso-a-6-vie-ddf6-bspp/	
oleoweb-ddf6sae	oleoweb	site	https://www.oleoweb.com/prodotto/ddf6-sae-deviatore-di-flusso-a-6-vie/	
oleoweb-ddfa3	oleoweb	site	https://www.oleoweb.com/prodotto/deviatore-di-flusso-ddfa3-n/	
oleoweb-ddfa6	oleoweb	OLELOWEB2.pdf#p244		
oleoweb-drf	oleoweb	site	https://www.oleoweb.com/prodotto/divisore-riunificatore-di-flusso-drf/	
oleoweb-drf10	oleoweb	site	https://www.oleoweb.com/prodotto/divisore-riunificatore-di-flusso-drf/	
oleoweb-ec-2	oleoweb	OLELOWEB1.pdf#p14		
oleoweb-ec082	oleoweb	site	https://www.oleoweb.com/prodotto/valvole-elettrica-a-cartuccia-2-2-diretta-sae8-ec082a/	
oleoweb-ec082a	oleoweb	site	https://www.oleoweb.com/prodotto/valvole-elettrica-a-cartuccia-2-2-diretta-sae8-ec082a/	
oleoweb-ec102	oleoweb	site	https://www.oleoweb.com/prodotto/valvole-elettrica-a-cartuccia-2-2-pilotata-bidirezionale-sae10-ec102a/	
oleoweb-ed-2	oleoweb	OLELOWEB1.pdf#p14		
oleoweb-ed082a	oleoweb	site	https://www.oleoweb.com/prodotto/valvole-elettrica-a-cartuccia-2-2-diretta-sae8-a-doppia-tenuta-ed082a/	
oleoweb-ed082f	oleoweb	OLELOWEB2.pdf#p139		
oleoweb-ed102f	oleoweb	OLELOWEB2.pdf#p140		
oleoweb-efd25-10	oleoweb	OLELOWEB1.pdf#p16		
oleoweb-efd25-6	oleoweb	OLELOWEB1.pdf#p16		
oleoweb-efd25-8	oleoweb	OLELOWEB1.pdf#p16		
oleoweb-efd25a	oleoweb	none		
oleoweb-efd25b	oleoweb	none		
oleoweb-es-3	oleoweb	OLELOWEB1.pdf#p14		
oleoweb-es-4	oleoweb	OLELOWEB1.pdf#p14		
oleoweb-es083f	oleoweb	OLELOWEB2.pdf#p137		
oleoweb-es104f	oleoweb	OLELOWEB2.pdf#p141		
oleoweb-es104p	oleoweb	OLELOWEB2.pdf#p143		
oleoweb-fcm	oleoweb	site	https://www.oleoweb.com/prodotto/valvola-di-fine-corsa-fcm/	
oleoweb-fct	oleoweb	site	https://www.oleoweb.com/prodotto/valvole-di-fine-corsa-a-trazione-fct/	
oleoweb-gg90	oleoweb	site	https://www.oleoweb.com/prodotto/giunti-idraulici-girevoli-a-90-gg90/	
oleoweb-ggil	oleoweb	site	https://www.oleoweb.com/prodotto/giunti-idraulici-girevoli-in-linea-ggil/	
oleoweb-idf4	oleoweb	site	https://www.oleoweb.com/prodotto/deviatori-di-flusso-oleodinamici-a-4-vie-idf4-bspp/	
oleoweb-idf4sae	oleoweb	site	https://www.oleoweb.com/prodotto/deviatori-di-flusso-oleodinamici-a-4-vie-idf4-bspp/	
oleoweb-idf8	oleoweb	site	https://www.oleoweb.com/prodotto/deviatori-di-flusso-rotativi-a-8-vie-idf8-bspp/	
oleoweb-idf8sae	oleoweb	site	https://www.oleoweb.com/prodotto/deviatori-di-flusso-rotativi-a-8-vie-idf8-sae/	
oleoweb-le103a	oleoweb	OLELOWEB2.pdf#p188		
oleoweb-mnp	oleoweb	site	https://www.oleoweb.com/prodotto/mini-prese-di-pressione-mnp-bspp/	
oleoweb-ow	oleoweb	OLELOWEB1.pdf#p12		
oleoweb-ow103s	oleoweb	OLELOWEB2.pdf#p152		
oleoweb-ow11as	oleoweb	OLELOWEB2.pdf#p151		
oleoweb-plugs-din3852	oleoweb	OLELOWEB1.pdf#p19		
oleoweb-plugs-sae8	oleoweb	OLELOWEB1.pdf#p19		
oleoweb-pm	oleoweb	OLELOWEB1.pdf#p15		
oleoweb-pm20	oleoweb	site	https://www.oleoweb.com/prodotto/pompa-oleodinamica-manuale-staffabile-a-cilindrata-20-cm3-pm20/	
oleoweb-pm50	oleoweb	site	https://www.oleoweb.com/prodotto/pompa-oleodinamica-manuale-staffabile-a-cilindrata-50-cm3-pm50/	
oleoweb-pm70	oleoweb	site	https://www.oleoweb.com/prodotto/pompa-a-mano-idraulica-staffabile-a-cilindrata-70-cm3-pm70/	
oleoweb-pma	oleoweb	site	https://www.oleoweb.com/prodotto/pompa-oleodinamica-manuale-per-fissaggio-a-serbatoio-serie-pma/	
oleoweb-pma-pmi-pms-pmt	oleoweb	site	https://www.oleoweb.com/prodotto/pompa-oleodinamica-manuale-per-fissaggio-a-serbatoio-serie-pma/	
oleoweb-pmd	oleoweb	site	https://www.oleoweb.com/prodotto/pompe-a-mano-in-ghisa-serie-pmd/	
oleoweb-pme-l	oleoweb	site	https://www.oleoweb.com/prodotto/pompa-a-mano-idraulica-a-cartuccia-pme/	
oleoweb-pme1	oleoweb	site	https://www.oleoweb.com/prodotto/pompe-a-mano-in-ghisa-per-fissaggio-a-serbatoio-serie-pme1/	
oleoweb-pme1-pme2	oleoweb	site	https://www.oleoweb.com/prodotto/pompe-a-mano-in-ghisa-per-fissaggio-a-serbatoio-serie-pme1/	
oleoweb-pme10	oleoweb	site	https://www.oleoweb.com/prodotto/pompa-a-mano-idraulica-a-cartuccia-pme10/	
oleoweb-pme2	oleoweb	site	https://www.oleoweb.com/prodotto/pompa-a-mano-per-fissaggio-a-serbatoio-pme2/	
oleoweb-pme3	oleoweb	site	https://www.oleoweb.com/prodotto/pompe-idrauliche-a-pedale-pme3/	
oleoweb-pme5p	oleoweb	site	https://www.oleoweb.com/prodotto/pompa-a-mano-pme5p/	
oleoweb-pmel	oleoweb	site	https://www.oleoweb.com/prodotto/pompa-a-mano-idraulica-a-cartuccia-pme/	
oleoweb-pmep	oleoweb	site	https://www.oleoweb.com/prodotto/pompa-a-mano-idraulica-a-cartuccia-pme/	
oleoweb-pmi	oleoweb	site	https://www.oleoweb.com/prodotto/pompe-oleodinamiche-a-mano-per-fissaggio-a-serbatoio-serie-pmi/	
oleoweb-pms	oleoweb	site	https://www.oleoweb.com/prodotto/pompe-idrauliche-manuali-serie-pms/	
oleoweb-pmt	oleoweb	site	https://www.oleoweb.com/prodotto/pompa-a-mano-serie-pmt/	
oleoweb-po	oleoweb	OLELOWEB1.pdf#p11		
oleoweb-po083s	oleoweb	OLELOWEB2.pdf#p155		
oleoweb-po11as	oleoweb	OLELOWEB2.pdf#p153		
oleoweb-po163s	oleoweb	OLELOWEB2.pdf#p154		
oleoweb-ras2	oleoweb	site	https://www.oleoweb.com/prodotto/valvole-a-sfera-a-2-vie-2-posizioni-ras2-bspp/	
oleoweb-ras3	oleoweb	site	https://www.oleoweb.com/prodotto/valvole-a-sfera-a-3-vie-3-posizioni-ras3-bspp/	
oleoweb-ras4	oleoweb	OLELOWEB1.pdf#p17		
oleoweb-rb-ru	oleoweb	OLELOWEB1.pdf#p13		
oleoweb-rb102	oleoweb	OLELOWEB2.pdf#p167		
oleoweb-ru102	oleoweb	OLELOWEB2.pdf#p168		
oleoweb-s0vbcd	oleoweb	site	https://www.oleoweb.com/prodotto/valvola-overcenter-doppia-per-centro-aperto-s0s0vbcd/	
oleoweb-sae-blocks	oleoweb	site	https://www.oleoweb.com/prodotto/blocchi-corpi-valvola-con-cavita-sae/	
oleoweb-sae8-sae10	oleoweb	OLELOWEB1.pdf#p15		
oleoweb-scf-dcf-dcm-dcv	oleoweb	site	https://www.oleoweb.com/prodotto/valvola-antiurto-singola-scf/	reviewed
oleoweb-scvb	oleoweb	site	https://www.oleoweb.com/prodotto/valvola-di-bilanciamento-singola-per-centro-aperto-scvb/	
oleoweb-sov	oleoweb	site	https://www.oleoweb.com/prodotto/rubinetti-esclusione-manometro-in-linea-sov1400/	
oleoweb-sov1400	oleoweb	site	https://www.oleoweb.com/prodotto/rubinetti-esclusione-manometro-in-linea-sov1400/	
oleoweb-sov1490	oleoweb	site	https://www.oleoweb.com/prodotto/rubinetti-esclusione-manometro-a-90-sov1490/	
oleoweb-stb	oleoweb	site	https://www.oleoweb.com/prodotto/valvola-di-regolazione-di-flusso-stbf-nptf/	
oleoweb-stbf	oleoweb	site	https://www.oleoweb.com/prodotto/valvola-di-regolazione-di-flusso-stbf-nptf/	
oleoweb-stu	oleoweb	site	https://www.oleoweb.com/prodotto/valvola-di-regolazione-di-flusso-stuf-sae/	
oleoweb-stu-stuf-stb-stbf	oleoweb	site	https://www.oleoweb.com/prodotto/valvola-di-regolazione-di-flusso-stuf-sae/	
oleoweb-stuf	oleoweb	site	https://www.oleoweb.com/prodotto/valvola-di-regolazione-di-flusso-stuf-sae/	
oleoweb-sv	oleoweb	site	https://www.oleoweb.com/prodotto/valvole-selettrici-di-carico-a-cartuccia-sae-sv/	
oleoweb-t-11a	oleoweb	OLELOWEB1.pdf#p15		
oleoweb-tna	oleoweb	site	https://www.oleoweb.com/prodotto/serbatoi-in-alluminio-per-pompe-a-mano-tna/	
oleoweb-tnk	oleoweb	site	https://www.oleoweb.com/prodotto/serbatoi-in-acciaio-per-pompe-a-mano-tnk/	
oleoweb-valve-bodies	oleoweb	none		
oleoweb-vara	oleoweb	OLELOWEB1.pdf#p18		
oleoweb-vara01	oleoweb	OLELOWEB2.pdf#p255		
oleoweb-vbca	oleoweb	site	https://www.oleoweb.com/prodotto/valvola-di-bilanciamento-doppia-per-centro-aperto-a-bullone-vbca/	
oleoweb-vbcb	oleoweb	site	https://www.oleoweb.com/prodotto/valvola-di-bilanciamento-singola-per-centro-aperto-vbcb/	
oleoweb-vbcb-vccb	oleoweb	site	https://www.oleoweb.com/prodotto/valvola-di-bilanciamento-singola-per-centro-aperto-vbcb/	
oleoweb-vbcc	oleoweb	site	https://www.oleoweb.com/prodotto/valvola-overcenter-doppia-per-centro-chiuso-vbcc/	
oleoweb-vbcd	oleoweb	site	https://www.oleoweb.com/prodotto/valvola-overcenter-doppia-per-centro-aperto-vbcd/	
oleoweb-vbcd-sovbcd-vbcc-sovbcc	oleoweb	site	https://www.oleoweb.com/prodotto/valvola-overcenter-doppia-per-centro-aperto-vbcd/	
oleoweb-vbcf	oleoweb	site	https://www.oleoweb.com/prodotto/valvola-di-bilanciamento-doppia-flangiata-per-centro-aperto-vbcf/	
oleoweb-vbcf-vbcfe	oleoweb	site	https://www.oleoweb.com/prodotto/valvola-di-bilanciamento-doppia-flangiata-per-centro-aperto-vbcf/	
oleoweb-vbcfe	oleoweb	site	https://www.oleoweb.com/prodotto/valvola-di-bilanciamento-doppia-flangiata-per-centro-aperto-vbcf/	
oleoweb-vbcl	oleoweb	site	https://www.oleoweb.com/prodotto/alvola-di-bilanciamento-singola-per-centro-aperto-vbcl/	
oleoweb-vbcl-vccl-vblp-vclp-vbcr-vccr-vbfp	oleoweb	site	https://www.oleoweb.com/prodotto/alvola-di-bilanciamento-singola-per-centro-aperto-vbcl/	
oleoweb-vbcm	oleoweb	OLELOWEB2.pdf#p124		
oleoweb-vbcr	oleoweb	site	https://www.oleoweb.com/prodotto/valvola-di-bilanciamento-singola-per-centro-aperto-vbcr/	
oleoweb-vbcs-vbct	oleoweb	site	https://www.oleoweb.com/prodotto/valvola-di-bilanciamento-doppia-flangiata-cetop-per-centro-aperto-vbcs/	
oleoweb-vbcs06	oleoweb	site	https://www.oleoweb.com/prodotto/valvola-di-bilanciamento-doppia-flangiata-cetop-per-centro-aperto-vbcs/	
oleoweb-vbct06	oleoweb	site	https://www.oleoweb.com/prodotto/valvola-di-bilanciamento-doppia-flangiata-cetop-3-per-centro-chiuso-vbct/	
oleoweb-vbdc	oleoweb	site	https://www.oleoweb.com/prodotto/valvola-antiurto-doppia-incrociata-vbdc/	
oleoweb-vbf6	oleoweb	site	https://www.oleoweb.com/prodotto/valvola-di-controllo-flusso-bidirezionale-regolabile-vbf6/	
oleoweb-vbf6-vrf6	oleoweb	site	https://www.oleoweb.com/prodotto/valvola-di-controllo-flusso-bidirezionale-regolabile-vbf6/	
oleoweb-vbfp	oleoweb	site	https://www.oleoweb.com/prodotto/valvola-di-bilanciamento-singola-per-centro-aperto-con-sblocco-freno-vbfp/	
oleoweb-vblf	oleoweb	site	https://www.oleoweb.com/prodotto/valvola-di-bilanciamento-singola-flangiata-per-centro-aperto-vblf/	
oleoweb-vblh	oleoweb	site	https://www.oleoweb.com/prodotto/valvola-di-bilanciamento-singola-flangiata-per-centro-aperto-vblh/	
oleoweb-vblh-vclh-vblf-vclf	oleoweb	site	https://www.oleoweb.com/prodotto/valvola-di-bilanciamento-singola-flangiata-per-centro-aperto-vblh/	
oleoweb-vblp	oleoweb	site	https://www.oleoweb.com/prodotto/valvola-di-bilanciamento-singola-per-centro-aperto-vblp/	
oleoweb-vbrf	oleoweb	site	https://www.oleoweb.com/prodotto/valvola-di-controllo-di-flusso-bidirezionale-vbrf/	
oleoweb-vcc	oleoweb	site	https://www.oleoweb.com/prodotto/valvola-controllo-discesa-compensata-unidirezionale-fissa-vcc140/	
oleoweb-vcc-vscr	oleoweb	site	https://www.oleoweb.com/prodotto/valvola-di-bilanciamento-singola-per-centro-chiuso-vccr/	
oleoweb-vccb	oleoweb	site	https://www.oleoweb.com/prodotto/valvola-di-bilanciamento-singola-per-centro-chiuso-vccb/	
oleoweb-vccl	oleoweb	site	https://www.oleoweb.com/prodotto/valvola-di-bilanciamento-singola-per-centro-chiuso-vccl-sae/	
oleoweb-vccr	oleoweb	site	https://www.oleoweb.com/prodotto/valvola-di-bilanciamento-singola-per-centro-chiuso-vccr/	
oleoweb-vcf6	oleoweb	site	https://www.oleoweb.com/prodotto/valvola-di-controllo-discesa-compensata-regolabile-a-cartuccia-vcf6/	
oleoweb-vclf	oleoweb	site	https://www.oleoweb.com/prodotto/valvola-di-bilanciamento-singola-flangiata-per-centro-chiuso-vclf/	
oleoweb-vclh	oleoweb	site	https://www.oleoweb.com/prodotto/valvola-di-bilanciamento-singola-flangiata-per-centro-chiuso-vclh/	
oleoweb-vclp	oleoweb	site	https://www.oleoweb.com/prodotto/valvola-di-bilanciamento-singola-per-centro-chiuso-vclp/	
oleoweb-vdrf	oleoweb	site	https://www.oleoweb.com/prodotto/divisore-riunificatore-di-flusso-a-cartuccia-vdrf/	
oleoweb-vdrf10	oleoweb	site	https://www.oleoweb.com/prodotto/divisore-riunificatore-di-flusso-a-cartuccia-vdrf/	
oleoweb-vem	oleoweb	site	https://www.oleoweb.com/prodotto/valvole-a-due-vie-di-emergenza-vem/	
oleoweb-vmd	oleoweb	site	https://www.oleoweb.com/prodotto/valvola-limitatrice-di-pressione-vmd160/	
oleoweb-vmd10	oleoweb	site	https://www.oleoweb.com/prodotto/valvola-di-massima-pressione-vmd10-per-cavita-sae8-2/	
oleoweb-vmd120	oleoweb	site	https://www.oleoweb.com/prodotto/valvola-limitatrice-di-pressione-vmd120/	
oleoweb-vmd160	oleoweb	site	https://www.oleoweb.com/prodotto/valvola-limitatrice-di-pressione-vmd160/	
oleoweb-vmd1n	oleoweb	site	https://www.oleoweb.com/prodotto/valvola-di-massima-pressione-idraulica-vmd1n-per-cavita-sae8-2/	
oleoweb-vmd30	oleoweb	site	https://www.oleoweb.com/prodotto/valvola-di-massima-pressione-vmd30-per-cavita-m20x15/	
oleoweb-vmd40s	oleoweb	site	https://www.oleoweb.com/prodotto/valvola-di-massima-pressione-m20x15-vmd40s/	
oleoweb-vmd8	oleoweb	site	https://www.oleoweb.com/prodotto/valvola-di-massima-pressione-vmd8-per-cavita-sae10-2-vmd8/	
oleoweb-vmd90	oleoweb	site	https://www.oleoweb.com/prodotto/valvola-di-massima-pressione-con-otturatore-guidato-per-m24x15-vmd90/	
oleoweb-vmdr	oleoweb	site	https://www.oleoweb.com/prodotto/valvola-limitatrice-di-pressione-vmdr40-per-portata-40-lpm/	
oleoweb-vmf	oleoweb	site	https://www.oleoweb.com/prodotto/valvola-unidirezionale-vmf-bspp/	
oleoweb-vpn6	oleoweb	site	https://www.oleoweb.com/prodotto/valvole-di-blocco-a-cartuccia-a-comando-pneumatico-vpn6/	
oleoweb-vpp	oleoweb	site	https://www.oleoweb.com/prodotto/regolatore-di-portata-compensato-vpp/	
oleoweb-vpp-vpp-rv	oleoweb	site	https://www.oleoweb.com/prodotto/regolatore-di-portata-compensato-vpp/	
oleoweb-vpr	oleoweb	site	https://www.oleoweb.com/prodotto/valvole-di-blocco-pilotate-singola-vpr/	
oleoweb-vpr22	oleoweb	site	https://www.oleoweb.com/prodotto/valvola-di-blocco-pilotata-singola-vpr22/	
oleoweb-vpt	oleoweb	site	https://www.oleoweb.com/prodotto/regolatore-di-portata-compensato-vpt/	
oleoweb-vpt-vpt-ar-vpt-rv	oleoweb	site	https://www.oleoweb.com/prodotto/regolatore-di-portata-compensato-vpt/	
oleoweb-vrc	oleoweb	site	https://www.oleoweb.com/prodotto/valvola-regolatrice-di-portata-vrc/	
oleoweb-vrd	oleoweb	site	https://www.oleoweb.com/prodotto/valvola-controllo-discesa-regolabile-vrd/	
oleoweb-vrdd	oleoweb	site	https://www.oleoweb.com/prodotto/valvole-di-blocco-pilotata-doppia-vrdd/	
oleoweb-vrde	oleoweb	site	https://www.oleoweb.com/prodotto/valvole-di-blocco-pilotate-doppie-vrde/	
oleoweb-vrde-vrdd-vrdl	oleoweb	site	https://www.oleoweb.com/prodotto/valvole-di-blocco-pilotate-doppie-vrde/	
oleoweb-vrdf	oleoweb	site	https://www.oleoweb.com/prodotto/valvole-di-blocco-pilotata-doppia-vrdf/	
oleoweb-vrdl	oleoweb	site	https://www.oleoweb.com/prodotto/valvole-di-blocco-pilotata-doppia-vrdl/	
oleoweb-vrf6	oleoweb	site	https://www.oleoweb.com/prodotto/valvola-di-controllo-flusso-vrf6-unidirezionale-regolabile/	
oleoweb-vrp	oleoweb	site	https://www.oleoweb.com/prodotto/valvole-di-blocco-pilotata-singola-vrp/	
oleoweb-vrpe	oleoweb	site	https://www.oleoweb.com/prodotto/valvole-di-blocco-pilotate-singole-vrpe/	
oleoweb-vrsd	oleoweb	site	https://www.oleoweb.com/prodotto/valvole-di-blocco-pilotata-singola-vrsd/	
oleoweb-vrse	oleoweb	site	https://www.oleoweb.com/prodotto/valvole-di-blocco-pilotate-singole-vrse/	
oleoweb-vrse-vrsd-vrp	oleoweb	site	https://www.oleoweb.com/prodotto/valvole-di-blocco-pilotate-singole-vrse/	
oleoweb-vsc6	oleoweb	site	https://www.oleoweb.com/prodotto/valvole-di-controllo-discesa-compensate-a-taratura-fissa-vsc6/	
oleoweb-vsc6-vscf6	oleoweb	site	https://www.oleoweb.com/prodotto/valvole-di-controllo-discesa-compensate-a-taratura-fissa-vsc6/	
oleoweb-vscr6	oleoweb	site	https://www.oleoweb.com/prodotto/valvole-di-controllo-discesa-compensate-a-taratura-fissa-vscr6/	
oleoweb-vsl	oleoweb	site	https://www.oleoweb.com/prodotto/valvola-di-sequenza-vsl/	
oleoweb-vslh	oleoweb	site	https://www.oleoweb.com/prodotto/valvola-di-sequenza-vsl/	
oleoweb-vuba	oleoweb	site	https://www.oleoweb.com/prodotto/valvole-di-sicurezza-vuba-rottura-tubo-per-tubazioni/	
oleoweb-vuba-din	oleoweb	site	https://www.oleoweb.com/prodotto/valvole-di-sicurezza-vuba-din-anti-rottura-per-tubazioni/	
oleoweb-vuc	oleoweb	site	https://www.oleoweb.com/prodotto/valvole-unidirezionali-vuc-a-inserto-tenuta-a-cono/	
oleoweb-vui	oleoweb	site	https://www.oleoweb.com/prodotto/valvole-vui-unidirezionali-a-inserto-tenuta-a-sfera/	
oleoweb-vun	oleoweb	site	https://www.oleoweb.com/prodotto/valvola-unidirezionale-vun-bspp/	
oleoweb-vup	oleoweb	site	https://www.oleoweb.com/prodotto/valvole-unidirezionali-a-inserto-vup-tenuta-a-piattello/	
oleoweb-vur	oleoweb	site	https://www.oleoweb.com/prodotto/valvole-unidirezionali-f-f-vur-bspp/	
oleoweb-vurf	oleoweb	site	https://www.oleoweb.com/prodotto/valvole-regolatrici-di-flusso-unidirezionali-vurf/	
oleoweb-vurf-vbrf	oleoweb	site	https://www.oleoweb.com/prodotto/valvole-regolatrici-di-flusso-unidirezionali-vurf/	
oleoweb-vusf	oleoweb	site	https://www.oleoweb.com/prodotto/valvole-selettrici-vusf/	
water-hydraulics-109bxsw	water-hydraulics	Water Hydraulic catalog-하이드로훼스트.pdf#p84		
water-hydraulics-136-bspp-filter	water-hydraulics	none		
water-hydraulics-136hp-bspp-filter	water-hydraulics	none		
water-hydraulics-201bbsw	water-hydraulics	Water Hydraulic catalog-하이드로훼스트.pdf#p94		
water-hydraulics-201e-dn16-pilot	water-hydraulics	Water Hydraulic catalog-하이드로훼스트.pdf#p122		reviewed
water-hydraulics-203bbsw	water-hydraulics	Water Hydraulic catalog-하이드로훼스트.pdf#p92		
water-hydraulics-203e-dn16-pilot	water-hydraulics	Water Hydraulic catalog-하이드로훼스트.pdf#p123		reviewed
water-hydraulics-204axxw	water-hydraulics	Water Hydraulic catalog-하이드로훼스트.pdf#p82		reviewed
water-hydraulics-204bxxw	water-hydraulics	Water Hydraulic catalog-하이드로훼스트.pdf#p82		reviewed
water-hydraulics-206bbsw	water-hydraulics	Water Hydraulic catalog-하이드로훼스트.pdf#p88		
water-hydraulics-206bgsw	water-hydraulics	Water Hydraulic catalog-하이드로훼스트.pdf#p111		
water-hydraulics-208bbsw	water-hydraulics	Water Hydraulic catalog-하이드로훼스트.pdf#p94		
water-hydraulics-208e-dn16-pilot	water-hydraulics	Water Hydraulic catalog-하이드로훼스트.pdf#p120		
water-hydraulics-209bxsw	water-hydraulics	Water Hydraulic catalog-하이드로훼스트.pdf#p84		
water-hydraulics-210bxsw	water-hydraulics	Water Hydraulic catalog-하이드로훼스트.pdf#p103		
water-hydraulics-210cxsw	water-hydraulics	Water Hydraulic catalog-하이드로훼스트.pdf#p103		
water-hydraulics-210dxsw	water-hydraulics	Water Hydraulic catalog-하이드로훼스트.pdf#p103		
water-hydraulics-210exsw	water-hydraulics	Water Hydraulic catalog-하이드로훼스트.pdf#p103		
water-hydraulics-210fxsw	water-hydraulics	Water Hydraulic catalog-하이드로훼스트.pdf#p103		
water-hydraulics-212bbsw	water-hydraulics	Water Hydraulic catalog-하이드로훼스트.pdf#p87		
water-hydraulics-212bgsw	water-hydraulics	Water Hydraulic catalog-하이드로훼스트.pdf#p111		reviewed
water-hydraulics-216axsw	water-hydraulics	Water Hydraulic catalog-하이드로훼스트.pdf#p125		
water-hydraulics-216bxsw	water-hydraulics	Water Hydraulic catalog-하이드로훼스트.pdf#p126		reviewed
water-hydraulics-221a-2-2-no	water-hydraulics	Water Hydraulic catalog-하이드로훼스트.pdf#p95		
water-hydraulics-221c-2-2-pilot-no	water-hydraulics	Water Hydraulic catalog-하이드로훼스트.pdf#p114		
water-hydraulics-221f-2-2-pilot-no	water-hydraulics	Water Hydraulic catalog-하이드로훼스트.pdf#p116		
water-hydraulics-223arrw	water-hydraulics	Water Hydraulic catalog-하이드로훼스트.pdf#p85		
water-hydraulics-223brrw	water-hydraulics	Water Hydraulic catalog-하이드로훼스트.pdf#p86		reviewed
water-hydraulics-225brrw	water-hydraulics	Water Hydraulic catalog-하이드로훼스트.pdf#p98		reviewed
water-hydraulics-225drrw	water-hydraulics	Water Hydraulic catalog-하이드로훼스트.pdf#p96		
water-hydraulics-226a-2-2-nc	water-hydraulics	Water Hydraulic catalog-하이드로훼스트.pdf#p95		
water-hydraulics-226c-2-2-pilot-nc	water-hydraulics	Water Hydraulic catalog-하이드로훼스트.pdf#p117		
water-hydraulics-226f-2-2-pilot-nc	water-hydraulics	Water Hydraulic catalog-하이드로훼스트.pdf#p117		
water-hydraulics-500-dn25-manifold	water-hydraulics	Water Hydraulic catalog-하이드로훼스트.pdf#p118		reviewed
water-hydraulics-500-dn9-manifold	water-hydraulics	Water Hydraulic catalog-하이드로훼스트.pdf#p117		
water-hydraulics-591-001	water-hydraulics	Water Hydraulic catalog-하이드로훼스트.pdf#p124		
water-hydraulics-591-007	water-hydraulics	Water Hydraulic catalog-하이드로훼스트.pdf#p124		reviewed
water-hydraulics-6mani-manifold	water-hydraulics	Water Hydraulic catalog-하이드로훼스트.pdf#p127		
water-hydraulics-actuation-card-004	water-hydraulics	Water Hydraulic catalog-하이드로훼스트.pdf#p109		
water-hydraulics-dn12-po-check-valve	water-hydraulics	Water Hydraulic catalog-하이드로훼스트.pdf#p80		
water-hydraulics-fire-fogging-power-pack	water-hydraulics	Water Hydraulic catalog-하이드로훼스트.pdf#p47		
water-hydraulics-janus-cylinder	water-hydraulics	Water Hydraulic catalog-하이드로훼스트.pdf#p149		
water-hydraulics-m15	water-hydraulics	Water Hydraulic catalog-하이드로훼스트.pdf#p139		
water-hydraulics-m180	water-hydraulics	Water Hydraulic catalog-하이드로훼스트.pdf#p139		
water-hydraulics-m3	water-hydraulics	Water Hydraulic catalog-하이드로훼스트.pdf#p135		reviewed
water-hydraulics-m30	water-hydraulics	site	https://www.waterhydraulics.co.uk/m30-axial-piston-motor/	
water-hydraulics-m6	water-hydraulics	Water Hydraulic catalog-하이드로훼스트.pdf#p137		
water-hydraulics-m60	water-hydraulics	Water Hydraulic catalog-하이드로훼스트.pdf#p137		
water-hydraulics-p1	water-hydraulics	Water Hydraulic catalog-하이드로훼스트.pdf#p3		
water-hydraulics-p10-fire	water-hydraulics	Water Hydraulic catalog-하이드로훼스트.pdf#p43		
water-hydraulics-p15	water-hydraulics	site	https://www.waterhydraulics.co.uk/p15-desalination-axial-piston/	
water-hydraulics-p15-desal	water-hydraulics	site	https://www.waterhydraulics.co.uk/p15-desalination-axial-piston/	
water-hydraulics-p180	water-hydraulics	site	https://www.waterhydraulics.co.uk/p180-desalination-axial-piston/	
water-hydraulics-p180-desal	water-hydraulics	site	https://www.waterhydraulics.co.uk/p180-desalination-axial-piston/	
water-hydraulics-p3	water-hydraulics	Water Hydraulic catalog-하이드로훼스트.pdf#p3		reviewed
water-hydraulics-p30	water-hydraulics	site	https://www.waterhydraulics.co.uk/p30-desalination-axial-piston/	
water-hydraulics-p30-desal	water-hydraulics	site	https://www.waterhydraulics.co.uk/p30-desalination-axial-piston/	
water-hydraulics-p6	water-hydraulics	Water Hydraulic catalog-하이드로훼스트.pdf#p6		
water-hydraulics-p6-desal	water-hydraulics	site	https://www.waterhydraulics.co.uk/p6d/	reviewed
water-hydraulics-p60	water-hydraulics	site	https://www.waterhydraulics.co.uk/p60-desalination-axial-piston/	
water-hydraulics-p60-desal	water-hydraulics	site	https://www.waterhydraulics.co.uk/p60-desalination-axial-piston/	
water-hydraulics-p600	water-hydraulics	Water Hydraulic catalog-하이드로훼스트.pdf#p52		
water-hydraulics-p600-desal	water-hydraulics	Water Hydraulic catalog-하이드로훼스트.pdf#p38		
water-hydraulics-pd-gauges	water-hydraulics	Water Hydraulic catalog-하이드로훼스트.pdf#p151		reviewed
water-hydraulics-pick-a-pack	water-hydraulics	Water Hydraulic catalog-하이드로훼스트.pdf#p66		
water-hydraulics-po-check-valve	water-hydraulics	Water Hydraulic catalog-하이드로훼스트.pdf#p78		
water-hydraulics-power-centre	water-hydraulics	site	https://www.waterhydraulics.co.uk/janus-power-centre/	
water-hydraulics-pressure-test-pack	water-hydraulics	Water Hydraulic catalog-하이드로훼스트.pdf#p69		
water-hydraulics-purtrex-px	water-hydraulics	Water Hydraulic catalog-하이드로훼스트.pdf#p156		
water-hydraulics-pv180	water-hydraulics	Water Hydraulic catalog-하이드로훼스트.pdf#p57		
water-hydraulics-pv60	water-hydraulics	Water Hydraulic catalog-하이드로훼스트.pdf#p56		
water-hydraulics-relief-valve-dn12	water-hydraulics	Water Hydraulic catalog-하이드로훼스트.pdf#p101		
water-hydraulics-relief-valve-dn16	water-hydraulics	Water Hydraulic catalog-하이드로훼스트.pdf#p102		
water-hydraulics-relief-valve-dn6	water-hydraulics	Water Hydraulic catalog-하이드로훼스트.pdf#p100		
water-hydraulics-slimline-housings	water-hydraulics	Water Hydraulic catalog-하이드로훼스트.pdf#p151		
water-hydraulics-ss130-element	water-hydraulics	Water Hydraulic catalog-하이드로훼스트.pdf#p157		reviewed
water-hydraulics-st5-q-nn	water-hydraulics	Water Hydraulic catalog-하이드로훼스트.pdf#p107		
water-hydraulics-zone-valve	water-hydraulics	Water Hydraulic catalog-하이드로훼스트.pdf#p128		
webtec-180-series	webtec	WEBTEC.pdf#p7		
webtec-280-series	webtec	WEBTEC.pdf#p7		
webtec-63mm-pressure-gauges	webtec	WEBTEC.pdf#p18		
webtec-apm-advanced-panel-meters	webtec	WEBTEC.pdf#p15		
webtec-c2000	webtec	WEBTEC.pdf#p14		
webtec-ct-for-hpm-series	webtec	WEBTEC.pdf#p13		
webtec-ct-series	webtec	WEBTEC.pdf#p14		
webtec-cta-series	webtec	WEBTEC.pdf#p17		
webtec-ctr-for-hpm-series	webtec	WEBTEC.pdf#p13		
webtec-ctr-series	webtec	WEBTEC.pdf#p15		
webtec-cv120-series	webtec	WEBTEC.pdf#p7		
webtec-dhm-series	webtec	WEBTEC.pdf#p11		
webtec-dht-series	webtec	WEBTEC.pdf#p11		
webtec-fdc140-series	webtec	WEBTEC.pdf#p6		
webtec-fdc60-series	webtec	WEBTEC.pdf#p6		
webtec-fi1500-series	webtec	WEBTEC.pdf#p9		
webtec-fi750-series	webtec	WEBTEC.pdf#p9		
webtec-flowhub-series	webtec	WEBTEC.pdf#p9		
webtec-fv120-200	webtec	WEBTEC.pdf#p6		
webtec-gf-series	webtec	WEBTEC.pdf#p14		
webtec-hpm110-series	webtec	WEBTEC.pdf#p12		
webtec-hpm4000-series	webtec	WEBTEC.pdf#p12		
webtec-hpm5000-series	webtec	WEBTEC.pdf#p12		
webtec-hpm7000-series	webtec	WEBTEC.pdf#p13		
webtec-hv-series	webtec	WEBTEC.pdf#p18		
webtec-ilfc-series	webtec	WEBTEC.pdf#p3		
webtec-j1939-series	webtec	WEBTEC.pdf#p10		
webtec-pt-series	webtec	WEBTEC.pdf#p18		
webtec-rfi-series	webtec	WEBTEC.pdf#p10		
webtec-rfik-series	webtec	WEBTEC.pdf#p11		
webtec-rv-ck-m-series	webtec	WEBTEC.pdf#p6		
webtec-rv5	webtec	WEBTEC.pdf#p8		
webtec-safety-burst-discs	webtec	WEBTEC.pdf#p19		
webtec-sp-ttl-series	webtec	WEBTEC.pdf#p15		
webtec-sr-pressure-temperature-sensors	webtec	WEBTEC.pdf#p13		
webtec-sv80-series	webtec	WEBTEC.pdf#p7		
webtec-tp125-series	webtec	WEBTEC.pdf#p16		
webtec-vfc-series	webtec	WEBTEC.pdf#p4		
webtec-vfd120-e-series	webtec	WEBTEC.pdf#p5		
webtec-vfd120-series	webtec	WEBTEC.pdf#p5		
webtec-vfd120md-series	webtec	WEBTEC.pdf#p5		
webtec-vfd190-series	webtec	WEBTEC.pdf#p5		
webtec-vfd50-series	webtec	WEBTEC.pdf#p4		
webtec-wika-a-10	webtec	WEBTEC.pdf#p15		
webtec-wp-series	webtec	WEBTEC.pdf#p10		
